[
    {
        "name": "App - Flight over Island",
        "items": [
            {
                "name": "Flight over Island Main",
                "load_file": "flight_over_island/flight_over_island.json"
            }
        ]
    },
    {
        "name": "App - New Year",
        "items": [
            {
                "name": "New Year Main",
                "load_file": "new_year/christmas_tree.json"
            }
        ]
    },
    {
        "name": "App - Petigor's Tale",
        "items": [
            {
                "name": "Intro - Scene - HQ",
                "load_file": "petigors_tale/intro_HQ.json"
            },
            {
                "name": "Intro - Scene - LQ",
                "load_file": "petigors_tale/intro_LQ.json"
            },
            {
                "name": "Main Menu Stone",
                "load_file": "petigors_tale/intro/main_menu.json"
            },
            {
                "name": "Trees",
                "load_file": "petigors_tale/intro/trees.json"
            },
            {
                "name": "Stones",
                "load_file": "petigors_tale/intro/stones_n_rocks.json"
            },
            {
                "name": "Village Houses",
                "load_file": "petigors_tale/intro/village_houses.json"
            },
            {
                "name": "Roads",
                "load_file": "petigors_tale/intro/roads.json"
            },
            {
                "name": "Training - Scene",
                "load_file": "petigors_tale/training/main_scene_training.json"
            },
            {
                "name": "Level 01 - Scene",
                "load_file": "petigors_tale/level_01/main_scene_level_01.json"
            },
            {
                "name": "Enviroment Staff",
                "load_file": "petigors_tale/level_01/env_staff.json"
            },
            {
                "name": "Lava Rocks",
                "load_file": "petigors_tale/level_01/lava_rock.json"
            },
            {
                "name": "Level 02 - Scene",
                "load_file": "petigors_tale/level_02/main_scene_level_02.json"
            },
            {
                "name": "Pillars and Supplies",
                "load_file": "petigors_tale/level_02/pillars_n_supplies.json"
            },
            {
                "name": "Floors and Walls",
                "load_file": "petigors_tale/level_02/floors_n_walls.json"
            },
            {
                "name": "Petigor Model",
                "load_file": "petigors_tale/characters/petigor/petigor_model.json"
            },
            {
                "name": "Petigor Animation",
                "load_file": "petigors_tale/characters/petigor/petigor_animation.json"
            },
            {
                "name": "Golem Model",
                "load_file": "petigors_tale/characters/golem/golem_model.json"
            },
            {
                "name": "Golem Animation",
                "load_file": "petigors_tale/characters/golem/golem_animation.json"
            },
            {
                "name": "Farmer Male Model",
                "load_file": "petigors_tale/characters/farmers/farmer_male_model.json"
            },
            {
                "name": "Farmer Male Animation",
                "load_file": "petigors_tale/characters/farmers/farmer_male_animation.json"
            },
            {
                "name": "Farmer Female Model",
                "load_file": "petigors_tale/characters/farmers/farmer_female_model.json"
            },
            {
                "name": "Farmer Female Animation",
                "load_file": "petigors_tale/characters/farmers/farmer_female_animation.json"
            },
            {
                "name": "Farmer Instruments",
                "load_file": "petigors_tale/props/farmers_instruments.json"
            },
            {
                "name": "Troll Model",
                "load_file": "petigors_tale/characters/troll/troll_model.json"
            },
            {
                "name": "Troll Animation",
                "load_file": "petigors_tale/characters/troll/troll_animation.json"
            },
            {
                "name": "Horse Model",
                "load_file": "petigors_tale/animals/horse/horse_model.json"
            },
            {
                "name": "Horse Animation",
                "load_file": "petigors_tale/animals/horse/horse_animation.json"
            },
            {
                "name": "Bonuses and Bottles",
                "load_file": "petigors_tale/props/bonuses_n_bottles.json"
            },
            {
                "name": "Camping Assets",
                "load_file": "petigors_tale/props/camping_assets.json"
            },
            {
                "name": "Dungeon Props",
                "load_file": "petigors_tale/props/dungeon_props.json"
            },
            {
                "name": "Training Dummy",
                "load_file": "petigors_tale/props/training_dummy.json"
            },
            {
                "name": "Cart Model",
                "load_file": "petigors_tale/transport/cart/cart.json"
            },
            {
                "name": "Cart Animation",
                "load_file": "petigors_tale/transport/cart/cart_animation.json"
            },
            {
                "name": "Fire and Smoke",
                "load_file": "petigors_tale/vfx/fire_n_smoke.json"
            },
            {
                "name": "Under Construction - Scene",
                "load_file": "petigors_tale/under_construction.json"
            },
            {
                "name": "Indicators",
                "load_file": "petigors_tale/vfx/indicators.json"
            }
        ]
    },
    {
        "name": "App - Victory Day 2015",
        "items": [
            {
                "name": "Main Scene",
                "load_file": "victory_day_2015/main_scene.json"
            }
        ]
    },
    {
        "name": "App - Website",
        "items": [
            {
                "name": "Logo Horizontal",
                "load_file": "website/logo_3d/logo_3d_horizontal.json"
            }
        ]
    },
    {
        "name": "Demos - Animation",
        "items": [
            {
                "name": "Golem Ragdoll",
                "load_file": "animation/golem_ragdoll.json"
            },
            {
                "name": "NLA Strips",
                "load_file": "animation/nla_strips.json"
            },
            {
                "name": "Vertex Anim Monkey",
                "load_file": "animation/vertex_anim_monkey.json"
            }
        ]
    },
    {
        "name": "Demos - Environment",
        "items": [
            {
                "name": "Cube Reflections",
                "load_file": "environment/cube_reflections.json"
            },
            {
                "name": "Forest on Fire",
                "load_file": "environment/forest_on_fire.json"
            },
            {
                "name": "Sky Colors",
                "load_file": "environment/sky_colors.json"
            },
            {
                "name": "Sky Texture",
                "load_file": "environment/sky_texture.json"
            }
        ]
    },
    {
        "name": "Demos - Interactivity",
        "items": [
            {
                "name": "Annotations",
                "load_file": "interactivity/annotations.json"
            },
            {
                "name": "Annotations+NLA",
                "load_file": "interactivity/annotations_nla.json"
            },
            {
                "name": "Camera Views Switching",
                "load_file": "interactivity/camera_views.json"
            },
            {
                "name": "Coin Flipping",
                "load_file": "interactivity/coin_flip/coin_flip.json"
            },
            {
                "name": "Inherit Material",
                "load_file": "interactivity/inherit_material.json"
            },
            {
                "name": "IQ Test",
                "load_file": "interactivity/iq_test.json"
            },
            {
                "name": "Math, Cond. Jump Logic",
                "load_file": "interactivity/logic_editor_math_conditions.json"
            },
            {
                "name": "NLA Video",
                "load_file": "interactivity/video_nla.json"
            },
            {
                "name": "Page Redirect Logic",
                "load_file": "interactivity/logic_editor_page_redirect.json"
            },
            {
                "name": "Piano",
                "load_file": "interactivity/piano.json"
            },
            {
                "name": "Play Anim Logic",
                "load_file": "interactivity/node_play_anim.json"
            },
            {
                "name": "Solar System (En)",
                "load_file": "interactivity/solar_system/solar_system_en.json"
            },
            {
                "name": "Solar System (Ru)",
                "load_file": "interactivity/solar_system/solar_system_ru.json"
            },
            {
                "name": "UI Snap Align",
                "load_file": "interactivity/snap_align_camera.json"
            },
            {
                "name": "World Animation",
                "load_file": "interactivity/world_animation.json"
            }
        ]
    },
    {
        "name": "Demos - Geometry",
        "items": [
            {
                "name": "Procedural Objects",
                "load_file": "geometry/procedural_objects.json"
            },
            {
                "name": "Shape Keys",
                "load_file": "geometry/shape_keys.json"
            },
            {
                "name": "Text",
                "load_file": "geometry/text.json"
            }
        ]
    },
    {
        "name": "Demos - Lighting",
        "items": [
            {
                "name": "Multiple Lights",
                "load_file": "lighting/multiple_lights.json"
            }
        ]
    },
    {
        "name": "Demos - Materials",
        "items": [
            {
                "name": "Alpha",
                "load_file": "materials/alpha.json"
            },
            {
                "name": "Alpha Reflection",
                "load_file": "materials/alpha_reflection.json"
            },
            {
                "name": "Checker",
                "load_file": "materials/checker.json"
            },
            {
                "name": "Matcap",
                "load_file": "materials/material_matcap.json"
            },
            {
                "name": "Node Alpha Clip",
                "load_file": "materials/node_alpha_clip.json"
            },
            {
                "name": "Node Front Back",
                "load_file": "materials/node_front_back_mask.json"
            },
            {
                "name": "Node Normal Map",
                "load_file": "materials/normal_map/normal_map.json"
            },
            {
                "name": "Node Parallax",
                "load_file": "materials/node_parallax.json"
            },
            {
                "name": "Node Refraction",
                "load_file": "materials/node_refraction.json"
            },
            {
                "name": "Procedural Lines",
                "load_file": "materials/procedural_lines.json"
            },
            {
                "name": "Ramps",
                "load_file": "materials/ramps.json"
            },
            {
                "name": "Simple Parallax",
                "load_file": "materials/simple_parallax.json"
            },
            {
                "name": "Shading Models",
                "load_file": "materials/shading_models.json"
            },
            {
                "name": "Standard materials",
                "load_file": "materials/standard_materials.json"
            },
            {
                "name": "Tangent Shading",
                "load_file": "materials/tangent_shading.json"
            }
        ]
    },
    {
        "name": "Demos - Media",
        "items": [
            {
                "name": "Crossfading",
                "load_file": "media/cross_fade.json"
            },
            {
                "name": "Music Test",
                "load_file": "media/music_test.json"
            },
            {
                "name": "Speaker Anim",
                "load_file": "media/speaker_anim.json"
            },
            {
                "name": "Speaker Cone",
                "load_file": "media/speaker_cone.json"
            }
        ]
    },
    {
        "name": "Demos - Misc",
        "items": [
            {
                "name": "Logo",
                "load_file": "misc/logo.json"
            }
        ]
    },
    {
        "name": "Demos - Particles",
        "items": [
            {
                "name": "Billboard Tilt",
                "load_file": "particles/billboard_tilt.json"
            },
            {
                "name": "Particles Node Material",
                "load_file": "particles/particles_node_material.json"
            },
            {
                "name": "Particles Rotation",
                "load_file": "particles/particles_rotation.json"
            },
            {
                "name": "Soft Particles",
                "load_file": "particles/soft_particles.json"
            },
            {
                "name": "Particles Instancing",
                "load_file": "particles/particles_instancing.json"
            }
        ]
    },
    {
        "name": "Demos - Physics",
        "items": [
            {
                "name": "Compound",
                "load_file": "physics/compound.json"
            },
            {
                "name": "Rigid Body Joints",
                "load_file": "physics/rigid_body_joints.json"
            }
        ]
    },
    {
        "name": "Demos - Postprocessing",
        "items": [
            {
                "name": "Bloom",
                "load_file": "postprocessing/bloom.json"
            },
            {
                "name": "Depth of Field",
                "load_file": "postprocessing/dof.json"
            },
            {
                "name": "God Rays",
                "load_file": "postprocessing/god_rays.json"
            },
            {
                "name": "Motion Blur",
                "load_file": "postprocessing/motion_blur.json"
            },
            {
                "name": "SSAO",
                "load_file": "postprocessing/ssao.json"
            }
        ]
    },
    {
        "name": "Material Library",
        "items": [
            {
                "name": "Free Materials",
                "load_file": "material_library/free_material_library.json"
            }
        ]
    },
    {
        "name": "Tutorial Exports",
        "items": [
            {
                "name": "Apple Web Page",
                "load_file": "../tutorials/examples/web_page_integration/apple.json"
            },
            {
                "name": "Beach Umbrella Demo",
                "load_file": "tutorials/beach_umbrella_demo/beach_umbrella_demo.json"
            },
            {
                "name": "Cat Animation",
                "load_file": "tutorials/cat/cat_example.json"
            },
            {
                "name": "Cartoon Interior",
                "load_file": "tutorials/cartoon_room/cartoon_interior_all.json"
            },
            {
                "name": "CGEvent's Pepper",
                "load_file": "tutorials/cg_event_2014/pepper/pepper.json"
            },
            {
                "name": "Flag Blend4Web",
                "load_file": "tutorials/flag/flag_caches_mix.json"
            },
            {
                "name": "Flying Letters",
                "load_file": "../tutorials/examples/web_page_integration/flying_letters.json"
            },
            {
                "name": "Pyatigor's Tale - Level 01",
                "load_file": "../tutorials/examples/making_a_game_p7-12/main_scene_level_01.json"
            },
            {
                "name": "Grass",
                "load_file": "tutorials/grass/grass.json"
            },
            {
                "name": "Interactive Web Application",
                "load_file": "../tutorials/examples/interactive_web_application/simple_app.json"
            },
            {
                "name": "Pirate vs Alien",
                "load_file": "tutorials/pirate_vs_alien/pirate_vs_alien.json"
            },
            {
                "name": "Simple Firstperson",
                "load_file": "../tutorials/examples/firstperson/first-person.json"
            },
            {
                "name": "Soffit",
                "load_file": "tutorials/soffit/soffit.json"
            },
            {
                "name": "Striped Shader 2",
                "load_file": "tutorials/striped_shader_2/striped_shader_2.json"
            },
            {
                "name": "Sunglasses",
                "load_file": "tutorials/sunglasses/sunglasses.json"
            },
            {
                "name": "Striped Shader 1",
                "load_file": "tutorials/striped_shader_1/striped_shader_1.json"
            },
            {
                "name": "Tortoise Part 1",
                "load_file": "tutorials/mediterranean_tortoise_1/Mediterranean_tortoise.json"
            },
            {
                "name": "Tortoise Part 2",
                "load_file": "tutorials/mediterranean_tortoise_2/mediterranean_tortoise.json"
            },
            {
                "name": "Victory Day 2014",
                "load_file": "tutorials/victory_day/victory_day.json"
            }
        ]
    }
]