{
  "items": [
    {
      "title": "Vamps",
      "type": "",
      "name": "Section_1",
      "material_name": "",
      "items": [
        {
          "img": "S-1_top-1.png",
          "exceptions": {
            "objects": [],
            "materials": []
          },
          "default": true,
          "color": "",
          "title": "Vamp 1",
          "user_image": true,
          "name": "S-1_top-1"
        },
        {
          "img": "S-1_top-2.png",
          "exceptions": {
            "objects": [],
            "materials": []
          },
          "default": false,
          "color": "",
          "title": "Vamp 2",
          "user_image": true,
          "name": "S-1_top-2"
        }
      ]
    },
    {
      "title": "Suede",
      "type": "material",
      "name": "Section_10",
      "material_name": "Ante.Black",
      "items": [
        {
          "img": "S-10_section-1.png",
          "exceptions": {
            "objects": [],
            "materials": []
          },
          "default": false,
          "color": [
            0.0,
            0.0,
            0.0
          ],
          "title": "S-10_section-1",
          "user_image": true,
          "name": "S-10_section-1"
        },
        {
          "img": "S-10_section-2.png",
          "exceptions": {
            "objects": [],
            "materials": []
          },
          "default": false,
          "color": [
            0.6514056324958801,
            0.47353148460388184,
            0.4072401225566864
          ],
          "title": "S-10_section-2",
          "user_image": true,
          "name": "S-10_section-2"
        }
      ]
    },
    {
      "title": "Leather",
      "type": "material",
      "name": "Section_13",
      "material_name": "Nude.PatentLeather",
      "items": [
        {
          "img": "S-12_section-1.png",
          "exceptions": {
            "objects": [],
            "materials": []
          },
          "default": false,
          "color": [
            0.5519999861717224,
            0.38600000739097595,
            0.1979999989271164
          ],
          "title": "S-12_section-1",
          "user_image": true,
          "name": "S-12_section-1"
        },
        {
          "img": "S-13_section-1.png",
          "exceptions": {
            "objects": [],
            "materials": []
          },
          "default": false,
          "color": [
            0.04518621414899826,
            0.04518621414899826,
            0.04518621414899826
          ],
          "title": "S-13_section-1",
          "user_image": true,
          "name": "S-13_section-1"
        },
        {
          "img": "S-14_section-1.png",
          "exceptions": {
            "objects": [],
            "materials": []
          },
          "default": false,
          "color": [
            0.04373502731323242,
            0.0003035266709048301,
            0.0
          ],
          "title": "S-14_section-1",
          "user_image": true,
          "name": "S-14_section-1"
        }
      ]
    },
    {
      "title": "Snake skin",
      "type": "material",
      "name": "Section_15",
      "material_name": "Chocolate.BrownPyton",
      "items": [
        {
          "img": "S-15_section-1.png",
          "exceptions": {
            "objects": [],
            "materials": []
          },
          "default": false,
          "color": [
            0.09305896610021591,
            0.02518685907125473,
            0.005181516520678997
          ],
          "title": "S-15_section-1",
          "user_image": true,
          "name": "S-15_section-1"
        }
      ]
    },
    {
      "title": "Counters",
      "type": "",
      "name": "Section_2",
      "material_name": "",
      "items": [
        {
          "img": "S-2_lines-1.png",
          "exceptions": {
            "objects": [],
            "materials": []
          },
          "default": true,
          "color": "",
          "title": "Counter 1",
          "user_image": true,
          "name": "S-2_lines-1"
        },
        {
          "img": "S-2_lines-2.png",
          "exceptions": {
            "objects": [],
            "materials": []
          },
          "default": false,
          "color": "",
          "title": "Counter 2",
          "user_image": true,
          "name": "S-2_lines-2"
        }
      ]
    },
    {
      "title": "Heels",
      "type": "",
      "name": "Section_3",
      "material_name": "",
      "items": [
        {
          "img": "S-3_back-1.png",
          "exceptions": {
            "objects": [],
            "materials": []
          },
          "default": true,
          "color": "",
          "title": "Heel 1",
          "user_image": true,
          "name": "S-3_back-1"
        },
        {
          "img": "S-3_back-2.png",
          "exceptions": {
            "objects": [],
            "materials": []
          },
          "default": false,
          "color": "",
          "title": "Heel 2",
          "user_image": true,
          "name": "S-3_back-2"
        }
      ]
    },
    {
      "title": "Insole",
      "type": "",
      "name": "Section_8",
      "material_name": "",
      "items": [
        {
          "img": "base.png",
          "exceptions": {
            "objects": [],
            "materials": []
          },
          "default": true,
          "color": "",
          "title": "Insole",
          "user_image": true,
          "name": "base"
        }
      ]
    },
    {
      "title": "Outsole",
      "type": "",
      "name": "Section_9",
      "material_name": "",
      "items": [
        {
          "img": "S-6_sole.png",
          "exceptions": {
            "objects": [],
            "materials": []
          },
          "default": true,
          "color": "",
          "title": "Outsole",
          "user_image": true,
          "name": "S-6_sole"
        }
      ]
    }
  ],
  "export_wantenger": "false"
}